name,category,uses,side_effects,precautions,mechanism
Paracetamol,Analgesic / Antipyretic,Fever and mild to moderate pain,"Rare at normal dose; nausea, rash; liver damage in overdose",Do not exceed the daily limit (max 4 g/day for adults); avoid with heavy alcohol use or liver disease,Reduces prostaglandin synthesis in the brain to lower fever and pain
Ibuprofen,NSAID,"Pain, inflammation, fever, arthritis","Stomach upset, ulcers, raised blood pressure, kidney strain","Take with food; avoid in ulcers, kidney disease, late pregnancy; caution in heart disease",Blocks COX-1 and COX-2 enzymes so less prostaglandin is made
Aspirin,NSAID / Antiplatelet,"Pain, fever; low dose to prevent heart attack and stroke in selected patients","Stomach irritation, bleeding, allergic reaction",Avoid in children with viral illness (Reye's syndrome); caution with ulcers and blood thinners,Irreversibly inhibits COX so platelets cannot clump easily
Metformin,Antidiabetic (Biguanide),Type 2 diabetes,"Nausea, diarrhoea, metallic taste; rarely lactic acidosis",Avoid in severe kidney impairment; stop before contrast scans; take with meals,Reduces liver glucose production and improves insulin sensitivity
Amlodipine,Calcium channel blocker,Hypertension and angina,"Ankle swelling, headache, flushing, dizziness",Rise slowly from sitting; caution in severe liver disease,Relaxes blood vessels by blocking calcium entry into smooth muscle
Atorvastatin,Statin,High cholesterol; prevention of cardiovascular disease,"Muscle pain, raised liver enzymes, digestive upset",Avoid in pregnancy; report unexplained muscle pain; periodic liver tests,Inhibits HMG-CoA reductase so the liver makes less cholesterol
Losartan,ARB (Angiotensin receptor blocker),"Hypertension, diabetic kidney protection, heart failure","Dizziness, high potassium, cough is rare",Avoid in pregnancy; monitor kidney function and potassium,Blocks angiotensin II receptors causing blood vessels to relax
Metoprolol,Beta blocker,"Hypertension, angina, arrhythmia, after heart attack","Tiredness, slow heart rate, cold hands, dizziness",Do not stop suddenly; caution in asthma and diabetes,Blocks beta-1 receptors to slow heart rate and lower BP
Amoxicillin,Antibiotic (Penicillin),Bacterial infections of ear throat chest and urinary tract,"Diarrhoea, nausea, rash; allergic reaction",Avoid if allergic to penicillin; complete the full course,Prevents bacteria from building their cell wall
Omeprazole,Proton pump inhibitor,"Acidity, GERD, stomach ulcers","Headache, stomach pain, long term low magnesium or B12",Take before food; long-term use only under medical advice,Blocks the proton pump in stomach cells to reduce acid
Cetirizine,Antihistamine,"Allergic rhinitis, itching, urticaria","Drowsiness, dry mouth, headache",May cause sleepiness - avoid driving; reduce dose in kidney disease,Blocks histamine H1 receptors
Salbutamol,Bronchodilator,Asthma and COPD relief,"Tremor, fast heartbeat, headache",Seek help if needed more often than usual; caution in heart disease,Relaxes airway muscles by stimulating beta-2 receptors
